transaction_id,anomaly_score,anomaly_flag
TX-001,0.3649755113467695,0
TX-002,1.0,1
TX-003,0.38014743709718485,0
TX-004,0.9660195538177655,1
TX-005,0.0,0
