company_id,base_risk,propagated_risk,network_exposure_score,in_degree_risk,supplier_dependency_score,risk_cluster_score,systemic_importance_score,exposed_companies,dependency_chain
COMP-ALPHA,0.6087500000000001,0.6087500000000001,0.0,0.0,0.0,0.0,0.04186061450397812,[],COMP-ALPHA
COMP-BETA,0.23792578913805934,0.42726113593121406,0.22083710043328653,0.15750876820065896,0.15750876820065896,0.3333333333333333,0.34207320002827446,['COMP-GAMMA'],COMP-GAMMA -> COMP-BETA
COMP-GAMMA,0.4541757891380593,0.5740787571679545,0.15140472167002705,0.15750876820065896,0.15750876820065896,0.3333333333333333,0.34207320002827446,['COMP-BETA'],COMP-BETA -> COMP-GAMMA
