company_id,risk_score,propagated_risk,systemic_risk_level,risk_level,systemic_importance_score,network_exposure_score
COMP-ALPHA,0.6087500000000001,0.6087500000000001,medium,medium,0.04186061450397812,0.0
COMP-BETA,0.23792578913805934,0.42726113593121406,medium,medium,0.34207320002827446,0.22083710043328653
COMP-GAMMA,0.4541757891380593,0.5740787571679545,medium,medium,0.34207320002827446,0.15140472167002705
